client,facility,system,id,name,units,type,alias,description,Notes,device,category,source,target,function calls
Oxy,Constitution,EPRMS,M1,Roll Rate,deg/s,measured,,Measured Roll Rate using orthogonally mounted angular rate sensors; in platform coordinates  + Roll Platform South (Starboard) Down,,6DOF,Distance,M1,P3,
Oxy,Constitution,EPRMS,M2,Pitch Rate,deg/s,measured,,Measured Pitch Rate using orthogonally mounted angular rate sensors; in platform coordinates  + Pitch Platform East (Bow) Down,,6DOF,Distance,M2,P3,
Oxy,Constitution,EPRMS,M3,Yaw Rate,deg/s,measured,,Measured yaw rate using orthogonally mounted angular rate sensors; in platform coordinates + Yaw Bow to Port,,6DOF,Distance,M3,P3,
Oxy,Constitution,EPRMS,M4,Surge Accel,ft/s^2,measured,,Measured surge acceleration using biaxial accelerometers,,6DOF,Distance,M4,P3,
Oxy,Constitution,EPRMS,M5,Sway Accel,ft/s^2,measured,,Measured sway acceleration using biaxial accelerometers,,6DOF,Distance,M5,P3,
Oxy,Constitution,EPRMS,M6,Heave Accel,ft/s^2,measured,,Measured heave acceleration using vertical accelerometer,,6DOF,Distance,M6,P3,
Oxy,Constitution,EPRMS,M7,Surge Accel Temp,degF,measured,,Measured internal surge acceleration temperature used to correct temperature sensitive linear accelerometer using algorithm from manufacturer,,6DOF,Distance,M7,P3,
Oxy,Constitution,EPRMS,M8,Sway Accel Temp,degF,measured,,Measured internal sway acceleration temperature used to correct temperature sensitive linear accelerometer using algorithm from manufacturer,,6DOF,Distance,M8,P3,
Oxy,Constitution,EPRMS,M9,Heave Accel Temp,degF,measured,,Measured internal heave acceleration temperature used to correct temperature sensitive linear accelerometer using algorithm from manufacturer,,6DOF,Distance,M9,P3,
Oxy,Constitution,EPRMS,M10,FB Wind Rel Dir,deg,measured,FB Raw Wind Dir,Flareboom Wind Sensor Raw Relative Direction,,FLAREBOOM,Direction,M10,P6,
Oxy,Constitution,EPRMS,M11,FB Wind Speed,knots,measured,FB Raw Wind Spd,Flareboom Wind Sensor Raw Speed,,FLAREBOOM,Distance,M11,P6,
Oxy,Constitution,EPRMS,M12,FB Latitude DegMin,none,measured,,Flareboom Latitude Degrees and Integer Minutes only (raw data – not for general use),,FLAREBOOM,Distance,M12,P4,
Oxy,Constitution,EPRMS,M13,FB Latitude DecMin,none,measured,,Flareboom Latitude Decimal minutes only. 1 to 4 decimal places (0 - 0.XXXX minutes (raw data - not for general use)),,FLAREBOOM,Distance,M13,P4,
Oxy,Constitution,EPRMS,M14,FB Latitude in DecMin2,DecMin2,measured,,Flareboom Latitude Decimal minutes only. 1 to 4 decimal places (0 - 0.XXXX minutes (raw data - not for general use)),,FLAREBOOM,Distance,M14,P4,
Oxy,Constitution,EPRMS,M15,FB Longitude DegMin,none,measured,,Flareboom Longitude Degrees and Integer Minutes only (raw data – not for general use),,FLAREBOOM,Distance,M15,P4,
Oxy,Constitution,EPRMS,M16,FB Longitude DecMin,none,measured,,Flareboom Longitude Decimal Minutes only. 1 to 4 decimal places (0 - 0.XXXX minutes (raw data - not for general use)),,FLAREBOOM,Distance,M16,P4,
Oxy,Constitution,EPRMS,M17,FB Longitude in DecMin2,DecMin2,measured,,Flareboom Longitude Decimal Minutes only. 1 to 4 decimal places (0 - 0.XXXX minutes (raw data - not for general use)),,FLAREBOOM,Distance,M17,P4,
Oxy,Constitution,EPRMS,M18,FB GPS Quality,none,measured,,Flareboom Crane GPS Quality,Remove 'Crane',FLAREBOOM,Distance,M18,P4,
Oxy,Constitution,EPRMS,M19,FB Number of Satellites,none,measured,,Flareboom number of satellites being used to compute the position by the GPS receiver,,FLAREBOOM,Distance,M19,P4,
Oxy,Constitution,EPRMS,M20,Crane Wind Rel Dir,deg,measured,Crane Raw Wind Dir,Crane Wind Sensor Raw Relative Direction,,Crane,Direction,M20,P7,
Oxy,Constitution,EPRMS,M21,Crane Wind Speed,knots,measured,Crane Raw Wind Spd,Crane Wind Sensor Raw Speed,,Crane,Distance,M21,P7,
Oxy,Constitution,EPRMS,M22,Crane Heading,deg,measured,Crane Heading,Crane Heading from Crane Rest,,Crane,Direction,M22,P7,
Oxy,Constitution,EPRMS,M23,Air Temperature,degF,measured,,Temperature measured at sensor,,Weather,Distance,M23,P11,
Oxy,Constitution,EPRMS,M24,Humidity,%,measured,,"Relative humidity, percent moisture",,Weather,Distance,M24,P11,
Oxy,Constitution,EPRMS,M25,Airgap NE,ft,measured,NE Raw Airgap,Raw Air Gap - distance from sensor head to water surface,,Airgap NE,Distance,M25,P9,
Oxy,Constitution,EPRMS,M26,Airgap SW,ft,measured,SW Raw Airgap,Raw Air Gap - distance from sensor head to water surface,,Airgap SW,Distance,M26,P9,
Oxy,Constitution,EPRMS,M27,VADCP Max Current Spd,knots,measured,VADCP Max Current Spd,Maximum speed of ocean currents measured by the VADCP,,ADCP DEEP,Distance,M27,P9,
Oxy,Constitution,EPRMS,M28,VADCP Max Current Dir,deg,measured,VADCP Max Current Dir,Maximum direction of ocean currents measured by the VADCP,,ADCP DEEP,Direction,M28,P9,
Oxy,Constitution,EPRMS,M29,Surface Curr Spd,knots,measured,Surface Current Spd,Speed of ocean surface currents,,ADCP Surface,Distance,M29,P9,
Oxy,Constitution,EPRMS,M30,Surface Curr Dir,deg,measured,Surface Current Dir,Direction of ocean surface currents,,ADCP Surface,Direction,M30,P9,
Oxy,Constitution,EPRMS,M31,Mooring Tension 1,kips,measured,,Mooring Tension in kips,,Mooring,Distance,M49,P12,
Oxy,Constitution,EPRMS,M32,Mooring Tension 2,kips,measured,,Mooring Tension in kips,,Mooring,Distance,M50,P12,
Oxy,Constitution,EPRMS,M33,Mooring Tension 3,kips,measured,,Mooring Tension in kips,,Mooring,Distance,M51,P12,
Oxy,Constitution,EPRMS,M34,Mooring Tension 4,kips,measured,,Mooring Tension in kips,,Mooring,Distance,M52,P12,
Oxy,Constitution,EPRMS,M35,Mooring Tension 5,kips,measured,,Mooring Tension in kips,,Mooring,Distance,M53,P12,
Oxy,Constitution,EPRMS,M36,Mooring Tension 6,kips,measured,,Mooring Tension in kips,,Mooring,Distance,M54,P12,
Oxy,Constitution,EPRMS,M37,Mooring Tension 7,kips,measured,,Mooring Tension in kips,,Mooring,Distance,M55,P12,
Oxy,Constitution,EPRMS,M38,Mooring Tension 8,kips,measured,,Mooring Tension in kips,,Mooring,Distance,M56,P12,
Oxy,Constitution,EPRMS,M39,Mooring Tension 9,kips,measured,,Mooring Tension in kips,,Mooring,Distance,M57,P12,
Oxy,Constitution,EPRMS,M40,Mooring Payout 1,ft,measured,,Mooring Payout in ft,,Mooring,Distance,M58,P12,
Oxy,Constitution,EPRMS,M41,Mooring Payout 2,ft,measured,,Mooring Payout in ft,,Mooring,Distance,M59,P12,
Oxy,Constitution,EPRMS,M42,Mooring Payout 3,ft,measured,,Mooring Payout in ft,,Mooring,Distance,M60,P12,
Oxy,Constitution,EPRMS,M43,Mooring Payout 4,ft,measured,,Mooring Payout in ft,,Mooring,Distance,M61,P12,
Oxy,Constitution,EPRMS,M44,Mooring Payout 5,ft,measured,,Mooring Payout in ft,,Mooring,Distance,M62,P12,
Oxy,Constitution,EPRMS,M45,Mooring Payout 6,ft,measured,,Mooring Payout in ft,,Mooring,Distance,M63,P12,
Oxy,Constitution,EPRMS,M46,Mooring Payout 7,ft,measured,,Mooring Payout in ft,,Mooring,Distance,M64,P12,
Oxy,Constitution,EPRMS,M47,Mooring Payout 8,ft,measured,,Mooring Payout in ft,,Mooring,Distance,M65,P12,
Oxy,Constitution,EPRMS,M48,Mooring Payout 9,ft,measured,,Mooring Payout in ft,,Mooring,Distance,M66,P12,
Oxy,Constitution,EPRMS,M49,Riser A LC 1 Load,kips,measured,,Riser load cell load readings,Riser load cell readings in kips,RISER,Distance,C1,P3,
Oxy,Constitution,EPRMS,M50,Riser A LC 2 Load,kips,measured,,Riser load cell load readings,Riser load cell readings in kips,RISER,Distance,C2,P3,
Oxy,Constitution,EPRMS,M51,Riser A LC 3 Load,kips,measured,,Riser load cell load readings,Riser load cell readings in kips,RISER,Distance,C3,P3,
Oxy,Constitution,EPRMS,M52,Riser B LC 1 Load,kips,measured,,Riser load cell load readings,Riser load cell readings in kips,RISER,Distance,C4,P3,
Oxy,Constitution,EPRMS,M53,Riser B LC 2 Load,kips,measured,,Riser load cell load readings,Riser load cell readings in kips,RISER,Distance,C5,P3,
Oxy,Constitution,EPRMS,M54,Riser B LC 3 Load,kips,measured,,Riser load cell load readings,Riser load cell readings in kips,RISER,Distance,C6,P3,
Oxy,Constitution,EPRMS,M55,Riser C LC 1 Load,kips,measured,,Riser load cell load readings,Riser load cell readings in kips,RISER,Distance,C7,P3,
Oxy,Constitution,EPRMS,M56,Riser C LC 2 Load,kips,measured,,Riser load cell load readings,Riser load cell readings in kips,RISER,Distance,C8,P3,
Oxy,Constitution,EPRMS,M57,Riser C LC 3 Load,kips,measured,,Riser load cell load readings,Riser load cell readings in kips,RISER,Distance,C9,P3,
Oxy,Constitution,EPRMS,M58,Riser D LC 1 Load,kips,measured,,Riser load cell load readings,Riser load cell readings in kips,RISER,Distance,C10,P3,
Oxy,Constitution,EPRMS,M59,Riser D LC 2 Load,kips,measured,,Riser load cell load readings,Riser load cell readings in kips,RISER,Distance,C11,P3,
Oxy,Constitution,EPRMS,M60,Riser D LC 3 Load,kips,measured,,Riser load cell load readings,Riser load cell readings in kips,RISER,Distance,C12,P3,
Oxy,Constitution,EPRMS,M61,Riser E LC 1 Load,kips,measured,,Riser load cell load readings,Riser load cell readings in kips,RISER,Distance,C13,P3,
Oxy,Constitution,EPRMS,M62,Riser E LC 2 Load,kips,measured,,Riser load cell load readings,Riser load cell readings in kips,RISER,Distance,C14,P3,
Oxy,Constitution,EPRMS,M63,Riser E LC 3 Load,kips,measured,,Riser load cell load readings,Riser load cell readings in kips,RISER,Distance,C15,P3,
Oxy,Constitution,EPRMS,M64,Riser F LC 1 Load,kips,measured,,Riser load cell load readings,Riser load cell readings in kips,RISER,Distance,C16,P3,
Oxy,Constitution,EPRMS,M65,Riser F LC 2 Load,kips,measured,,Riser load cell load readings,Riser load cell readings in kips,RISER,Distance,C17,P3,
Oxy,Constitution,EPRMS,M66,Riser F LC 3 Load,kips,measured,,Riser load cell load readings,Riser load cell readings in kips,RISER,Distance,C18,P3,
Oxy,Constitution,EPRMS,D1,Platform Draft,ft,derived,Platform Draft,Vertical distance from the MWL to the lowest point of platform,,Derived,Distance,C19,P3,
Oxy,Constitution,EPRMS,D2,Ballast Tank 3NVB Level,%,derived,,Water level in the North Vertical Ballast tanks in Ballast-3 compartment,,Derived,Distance,C20,P3,
Oxy,Constitution,EPRMS,D3,Ballast Tank 3WVB Level,%,derived,,Water level in the East Vertical Ballast tanks in Ballast-3 compartment,West,Derived,Distance,C21,P3,
Oxy,Constitution,EPRMS,D4,Ballast Tank 3SVB Level,%,derived,,Water level in the South Vertical Ballast tanks in Ballast-3 compartment,,Derived,Distance,C22,P3,
Oxy,Constitution,EPRMS,D5,Ballast Tank 3EVB Level,%,derived,,Water level in the West Vertical Ballast tanks in Ballast-3 compartment,East,Derived,Distance,C23,P3,
Oxy,Constitution,EPRMS,D6,Void Tank Switches 1,bits,derived,,Status indicator leak detection switch in void tank,,Derived,Distance,C24,P3,
Oxy,Constitution,EPRMS,D7,Void Tank Switches 2,bits,derived,,Status indicator leak detection switch in void tank,,Derived,Distance,C25,P3,
Oxy,Constitution,EPRMS,D8,Void Tank Switches 3,bits,derived,,Status indicator leak detection switch in void tank,,Derived,Distance,C26,P3,
Oxy,Constitution,EPRMS,D9,6DOF Surge Acc COR,ft/s^2,derived,,Measured surge accelerations corrected for temperature using the algorithm from the manufacturer,,Derived,Distance,C27,P3,
Oxy,Constitution,EPRMS,D10,6DOF Sway Acc COR,ft/s^2,derived,,Measured sway accelerations corrected for temperature using the algorithm from the manufacturer,,Derived,Distance,C28,P3,
Oxy,Constitution,EPRMS,D11,6DOF Heave Acc COR,ft/s^2,derived,,Measured heave accelerations corrected for temperature using the algorithm from the manufacturer,,Derived,Distance,C29,P3,
Oxy,Constitution,EPRMS,D12,Spar Roll(PE),deg,derived,,Remove mean from the measured roll rate; integrate using trapezoidal rule,,Derived,Direction,C30,P3,
Oxy,Constitution,EPRMS,D13,Spar Pitch(PN),deg,derived,,Remove mean from the measured pitch rate; integrate using trapezoidal rule,,Derived,Direction,C31,P3,
Oxy,Constitution,EPRMS,D14,RMS Spar Roll,deg,derived,,RMS value of pitch motion of spar,Roll,Derived,Direction,C32,P3,
Oxy,Constitution,EPRMS,D15,RMS Spar Pitch,deg,derived,,RMS value of roll motion of spar,Pitch,Derived,Direction,C33,P3,
Oxy,Constitution,EPRMS,D16,Static Spar List(PE),deg,derived,,"List angle of spar, measured in the Port–Starboard (East-West) plane",,Derived,Direction,C34,P3,
Oxy,Constitution,EPRMS,D17,Static Spar Trim(PN),deg,derived,,"Trim angle of spar, measured in the Bow–Stern (North-South) plane",,Derived,Direction,C35,P3,
Oxy,Constitution,EPRMS,D18,Spar Tilt,deg,derived,,Total magnitude of the spar platform’s tilt from vertical,,Derived,Direction,C36,P3,
Oxy,Constitution,EPRMS,D19,Spar Tilt Direction,degT,derived,,"Direction toward which the spar is tilting, relative to true north",,Derived,Direction,C37,P3,
Oxy,Constitution,EPRMS,D20,RMS Deck Acceleration,ft/s^2,derived,,RMS value of acceleration measured on the deck of the platform,,Derived,Distance,C38,P3,
Oxy,Constitution,EPRMS,D21,Spar GPS  Latitude,deg,derived,,"Calculated Latitude using DegMin, DecMin and DecMin2 as measured at GPS",This one should be at the antenna location,Derived,Direction,C39,P3,
Oxy,Constitution,EPRMS,D22,Spar GPS  Longitude,deg,derived,,"Calculated Longitude using DegMin, DecMin and DecMin2 as measured at GPS",This one should be at the antenna location,Derived,Direction,C40,P3,
Oxy,Constitution,EPRMS,D23,Spar Northings,ft,derived,," Northings at the GPS antenna location, measured from platform reference position",This is at center of the platform,Derived,Distance,C41,P3,
Oxy,Constitution,EPRMS,D24,Spar Eastings,ft,derived,," Eastings at the GPS antenna location, measured from platform reference position",This is at center of the platform,Derived,Distance,C42,P3,
Oxy,Constitution,EPRMS,D25,UTM Spar Northings,ft,derived,,Vertical distance from equator,,Derived,Distance,C43,P3,
Oxy,Constitution,EPRMS,D26,UTM Spar Eastings,ft,derived,,Horizontal distance from central meridian of a UTM zone,,Derived,Distance,C44,P3,
Oxy,Constitution,EPRMS,D27,Avg  Spar Northings,ft,derived,,15 minute running average of Spar Northings,,Derived,Distance,C45,P5,
Oxy,Constitution,EPRMS,D28,Avg  Spar Eastings,ft,derived,,15 minute running average of Spar Eastings,,Derived,Distance,C46,P5,
Oxy,Constitution,EPRMS,D29,Spar Offset,ft,derived,,horizontal distance between the spar’s current position and its platform position,,Derived,Distance,C47,P5,
Oxy,Constitution,EPRMS,D30,Spar Offset Direction,deg,derived,,"Direction that the spar is offset toward, relative to true north",,Derived,Direction,C48,P5,
Oxy,Constitution,EPRMS,D31,Avg  Spar Offset,ft,derived,,running average of Spar Offset,This is probably 20 min running avg,Derived,Distance,C49,P5,
Oxy,Constitution,EPRMS,D32,Avg Offset Direction,deg,derived,,running average of Spar Offset Direction,This is probably 20 min running avg,Derived,Direction,C50,P5,
Oxy,Constitution,EPRMS,D33,FB True Wind Direction,degT,derived,FB Wind Dir,True Wind direction FROM measured clockwise relateive to True North at the wind sensor mounted on flareboom,,Derived,Direction,C51,P5,
Oxy,Constitution,EPRMS,D34,FB North Wind Speed,knots,derived,FB North Wind Spd,"Wind speed component along True North direction, measured in knots at the wind sensor mounted on flareboom",,Derived,Distance,C52,P11,
Oxy,Constitution,EPRMS,D35,FB East Wind Speed,knots,derived,FB East Wind Spd,"Wind speed component along True East direction, measured in knots at the wind sensor mounted on flareboom",,Derived,Distance,C53,P11,
Oxy,Constitution,EPRMS,D36,Crane True Wind Dir,degT,derived,Crane Wind Dir,True Wind direction FROM measured clockwise relateive to True North at the wind sensor mounted on the crane,,Derived,Direction,C54,P5,
Oxy,Constitution,EPRMS,D37,Crane North Wind Speed,knots,derived,Crane North Wind Spd,"Wind speed component along True North direction, measured in knots at the wind sensor mounted on crane",,Derived,Distance,C55,P6,
Oxy,Constitution,EPRMS,D38,Crane East Wind Speed,knots,derived,Crane East Wind Spd,"Wind speed component along True East direction, measured in knots at the wind sensor mounted on crane",,Derived,Distance,C56,P7,
Oxy,Constitution,EPRMS,D39,Avg FB True Wind Dir,degT,derived,FB 20min Wind Dir,20 minute running average of FB Wind Dir,,Derived,Direction,C57,P7,
Oxy,Constitution,EPRMS,D40,Avg FB Wind Speed,knots,derived,FB 20min Wind Spd,20 minute running average of FB Wind Speed,,Derived,Distance,C58,P7,
Oxy,Constitution,EPRMS,D41,Avg Crane True Wind Dir,degT,derived,Crane 20min Wind Dir,20 minute running average of Crane Wind Dir,,Derived,Direction,C59,P9,
Oxy,Constitution,EPRMS,D42,Avg Crane Wind Speed,knots,derived,Crane 20min Wind Spd,20 minute running average of Crane Wind Speed,,Derived,Distance,C60,P9,
Oxy,Constitution,EPRMS,D43,Best True Wind Dir,degT,derived,Best Wind Dir,"Wind Direction FROM, in deg clockwise relative to True North, corresponding to the highest wind speed from the available quality controlled wind speed measurements",,Derived,Direction,C61,P9,
Oxy,Constitution,EPRMS,D44,Best Wind speed,knots,derived,Best Wind Spd,"Highest wind speed of all available quality controlled wind speed measurements, taken at correspoding measured elevations only",,Derived,Distance,C62,P9,
Oxy,Constitution,EPRMS,D45,Avg Best True Wind Dir,degT,derived,Best 20min Wind Dir,20 minute running average of Best Wind Dir,,Derived,Direction,C63,P3,
Oxy,Constitution,EPRMS,D46,Avg Best Wind speed,knots,derived,Best 20min Wind Spd,20 minute running average of Best Wind Speed,,Derived,Distance,C64,P9,
Oxy,Constitution,EPRMS,D47,NE Airgap OL,ft,derived,NE Airgap,Quality controlled distance of the Northeast Airgap sensor to the instantaneous water surface,,Derived,Distance,C65,P9,
Oxy,Constitution,EPRMS,D48,SW Airgap OL,ft,derived,SW Airgap,Quality controlled distance of the Southwest Airgap sensor to the instantaneous water surface,,Derived,Distance,C66,P9,
Oxy,Constitution,EPRMS,D49,NE Sg Wave  Ht,ft,derived,NE Sig Wave Ht,20 minute running average of NE Airgap measurement,Four times the standard deviation of the surface elevation obtained from a rolling 20min record of the quality controlled NE Airgap sensor reading,Derived,Distance,C67,P9,
Oxy,Constitution,EPRMS,D50,NE Wave Period,sec,derived,NE Wave Period Tz,20 minute running average of wave energy peak period,Zero crossing period  of the surface elevation obtained from rolling 20min record of the quality controlled NE Airgap sensor reading,Derived,Distance,C68,P9,
Oxy,Constitution,EPRMS,D51,SW Sg Wave  Ht,ft,derived,SW Sig Wave  Ht,20 minute running average of SW Airgap measurement,Four times the standard deviation of the surface elevation obtained from a rolling 20min record of the quality controlled SW Airgap sensor reading,Derived,Distance,C69,P9,
Oxy,Constitution,EPRMS,D52,SW Wave Period,sec,derived,SW Wave Period Tz,20 minute running average of wave energy peak period,Zero crossing period  obtained from rolling 20min record of the quality controlled SW Airgap sensor reading,Derived,Distance,C70,P3,
Oxy,Constitution,EPRMS,D53,Best Sg Wave  Ht,ft,derived,Best Sig Wave Ht,20 minute running average of Best Airgap measurement,Maximum of the significant wave height calculated from all available quality controlled air gap readings,Derived,Distance,C71,P3,
Oxy,Constitution,EPRMS,D54,Best Wave Period,sec,derived,Best Wave Period Tz,20 minute running average of best wave energy peak period,Zero crossing period corresponding to best significant wave height,Derived,Distance,C72,P5,
Oxy,Constitution,EPRMS,D55,FB Wind Speed OL,knots,derived,,Quality controlled FB Wind Speed,Outliers removed,Derived,Distance,C73,P8,
Oxy,Constitution,EPRMS,D56,Crane Wind Speed OL,knots,derived,,Quality controlled Crane Wind Speed,Outliers removed,Derived,Distance,C74,P10,
Oxy,Constitution,EPRMS,D57,Void Tank 4NVO-1,boolean,derived,,Tank status in North Void tank,,Derived,Distance,C75,P9,
Oxy,Constitution,EPRMS,D58,Void Tank 4NVO-2,boolean,derived,,Tank status in North Void tank,,Derived,Distance,C76,P9,
Oxy,Constitution,EPRMS,D59,Void Tank 4WVO-1,boolean,derived,,Tank status in West Void tank,,Derived,Distance,P1,D1,
Oxy,Constitution,EPRMS,D60,Void Tank 4WVO-2,boolean,derived,,Tank status in West Void tank,,Derived,Distance,P2,D2,
Oxy,Constitution,EPRMS,D61,Void Tank 4SVO-1,boolean,derived,,Tank status in South Void tank,,Derived,Distance,P2,D3,
Oxy,Constitution,EPRMS,D62,Void Tank 4SVO-2,boolean,derived,,Tank status in South Void tank,,Derived,Distance,P2,D4,
Oxy,Constitution,EPRMS,D63,Void Tank 4EVO-1,boolean,derived,,Tank status in East Void tank,,Derived,Distance,P2,D5,
Oxy,Constitution,EPRMS,D64,Void Tank 4EVO-2,boolean,derived,,Tank status in East Void tank,,Derived,Distance,P2,D6,
Oxy,Constitution,EPRMS,D65,Void Tank 5NVO-1,boolean,derived,,Tank status in North Void tank,,Derived,Distance,P2,D7,
Oxy,Constitution,EPRMS,D66,Void Tank 5NVO-2,boolean,derived,,Tank status in North Void tank,,Derived,Distance,P2,D8,
Oxy,Constitution,EPRMS,D67,Void Tank 5WVO-1,boolean,derived,,Tank status in West Void tank,,Derived,Distance,P3,D9,
Oxy,Constitution,EPRMS,D68,Void Tank 5WVO-2,boolean,derived,,Tank status in West Void tank,,Derived,Distance,P3,D10,
Oxy,Constitution,EPRMS,D69,Void Tank 5SVO-1,boolean,derived,,Tank status in South Void tank,,Derived,Distance,P3,D11,
Oxy,Constitution,EPRMS,D70,Void Tank 5SVO-2,boolean,derived,,Tank status in South Void tank,,Derived,Distance,P3,D12,
Oxy,Constitution,EPRMS,D71,Void Tank 5EVO-1,boolean,derived,,Tank status in East Void tank,,Derived,Distance,P3,D13,
Oxy,Constitution,EPRMS,D72,Void Tank 5EVO-2,boolean,derived,,Tank status in East Void tank,,Derived,Distance,P3,D14,
Oxy,Constitution,EPRMS,D73,Void Tank 6NVO-1,boolean,derived,,Tank status in North Void tank,,Derived,Distance,P3,D15,
Oxy,Constitution,EPRMS,D74,Void Tank 6NVO-2,boolean,derived,,Tank status in North Void tank,,Derived,Distance,P3,D16,
Oxy,Constitution,EPRMS,D75,Void Tank 6NCO-1,boolean,derived,,Tank status in North Void tank,,Derived,Distance,P3,D17,
Oxy,Constitution,EPRMS,D76,Void Tank 6NCO-2,boolean,derived,,Tank status in North Void tank,,Derived,Distance,P3,D18,
Oxy,Constitution,EPRMS,D77,Void Tank 6WVO-1,boolean,derived,,Tank status in West Void tank,,Derived,Distance,P3,D19,
Oxy,Constitution,EPRMS,D78,Void Tank 6WVO-2,boolean,derived,,Tank status in West Void tank,,Derived,Distance,P3,D20,
Oxy,Constitution,EPRMS,D79,Void Tank 6WCO-1,boolean,derived,,Tank status in West Void tank,,Derived,Distance,P4,D21,
Oxy,Constitution,EPRMS,D80,Void Tank 6WCO-2,boolean,derived,,Tank status in West Void tank,,Derived,Distance,P4,D22,
Oxy,Constitution,EPRMS,D81,Void Tank 6BWVO-1,boolean,derived,,Tank status in West Void tank,,Derived,Distance,P4,D23,
Oxy,Constitution,EPRMS,D82,Void Tank 6BWVO-2,boolean,derived,,Tank status in West Void tank,,Derived,Distance,P4,D24,
Oxy,Constitution,EPRMS,D83,Void Tank 6SVO-1,boolean,derived,,Tank status in South Void tank,,Derived,Distance,P5,D25,
Oxy,Constitution,EPRMS,D84,Void Tank 6SVO-2,boolean,derived,,Tank status in South Void tank,,Derived,Distance,P5,D26,
Oxy,Constitution,EPRMS,D85,Void Tank 6SCO-1,boolean,derived,,Tank status in South Void tank,,Derived,Distance,P5,D27,
Oxy,Constitution,EPRMS,D86,Void Tank 6SCO-2,boolean,derived,,Tank status in South Void tank,,Derived,Distance,P5,D28,
Oxy,Constitution,EPRMS,D87,Void Tank 6EVO-1,boolean,derived,,Tank status in East Void tank,,Derived,Distance,P4,D29,
Oxy,Constitution,EPRMS,D88,Void Tank 6EVO-2,boolean,derived,,Tank status in East Void tank,,Derived,Distance,P5,D30,
Oxy,Constitution,EPRMS,D89,Void Tank 6ECO-1,boolean,derived,,Tank status in East Void tank,,Derived,Distance,P5,D31,
Oxy,Constitution,EPRMS,D90,Void Tank 6ECO-2,boolean,derived,,Tank status in East Void tank,,Derived,Distance,P5,D32,
Oxy,Constitution,EPRMS,D91,Riser A LC 1 Diff,kips,derived,,Differential pressure values from sensor,,Derived,Distance,P6,D33,
Oxy,Constitution,EPRMS,D92,Riser A LC 2 Diff,kips,derived,,Differential pressure values from sensor,,Derived,Distance,P6,D34,
Oxy,Constitution,EPRMS,D93,Riser A LC 3 Diff,kips,derived,,Differential pressure values from sensor,,Derived,Distance,P6,D35,
Oxy,Constitution,EPRMS,D94,Riser A Bend Abt X-Axis,kip-ft,derived,,Bending angle of Riser around the X-axis,,Derived,Distance,P7,D36,
Oxy,Constitution,EPRMS,D95,Riser A Bend Abt Y-Axis,kip-ft,derived,,Bending angle of Riser around the Y-axis,,Derived,Distance,P7,D37,
Oxy,Constitution,EPRMS,D96,Riser A Tension,kips,derived,,Total tension measured in Riser,,Derived,Distance,P7,D38,
Oxy,Constitution,EPRMS,D97,Riser B LC 1 Diff,kips,derived,,Differential pressure values from sensor,,Derived,Distance,P6,D39,
Oxy,Constitution,EPRMS,D98,Riser B LC 2 Diff,kips,derived,,Differential pressure values from sensor,,Derived,Distance,P6,D40,
Oxy,Constitution,EPRMS,D99,Riser B LC 3 Diff,kips,derived,,Differential pressure values from sensor,,Derived,Distance,P7,D41,
Oxy,Constitution,EPRMS,D100,Riser B Bend Abt X-Axis,kip-ft,derived,,Bending angle of Riser around the X-axis,,Derived,Distance,P7,D42,
Oxy,Constitution,EPRMS,D101,Riser B Bend Abt Y-Axis,kip-ft,derived,,Bending angle of Riser around the Y-axis,,Derived,Distance,P8,D43,
Oxy,Constitution,EPRMS,D102,Riser B Tension,kips,derived,,Total tension measured in Riser,,Derived,Distance,P8,D44,
Oxy,Constitution,EPRMS,D103,Riser C LC 1 Diff,kips,derived,,Differential pressure values from sensor,,Derived,Distance,P8,D45,
Oxy,Constitution,EPRMS,D104,Riser C LC 2 Diff,kips,derived,,Differential pressure values from sensor,,Derived,Distance,P8,D46,
Oxy,Constitution,EPRMS,D105,Riser C LC 3 Diff,kips,derived,,Differential pressure values from sensor,,Derived,Distance,P9,D47,
Oxy,Constitution,EPRMS,D106,Riser C Bend Abt X-Axis,kip-ft,derived,,Bending angle of Riser around the X-axis,,Derived,Distance,P9,D48,
Oxy,Constitution,EPRMS,D107,Riser C Bend Abt Y-Axis,kip-ft,derived,,Bending angle of Riser around the Y-axis,,Derived,Distance,P9,D49,
Oxy,Constitution,EPRMS,D108,Riser C Tension,kips,derived,,Total tension measured in Riser,,Derived,Distance,P9,D50,
Oxy,Constitution,EPRMS,D109,Riser D LC 1 Diff,kips,derived,,Differential pressure values from sensor,,Derived,Distance,P9,D51,
Oxy,Constitution,EPRMS,D110,Riser D LC 2 Diff,kips,derived,,Differential pressure values from sensor,,Derived,Distance,P9,D52,
Oxy,Constitution,EPRMS,D111,Riser D LC 3 Diff,kips,derived,,Differential pressure values from sensor,,Derived,Distance,P10,D53,
Oxy,Constitution,EPRMS,D112,Riser D Bend Abt X-Axis,kip-ft,derived,,Bending angle of Riser around the X-axis,,Derived,Distance,P10,D54,
Oxy,Constitution,EPRMS,D113,Riser D Bend Abt Y-Axis,kip-ft,derived,,Bending angle of Riser around the Y-axis,,Derived,Distance,P6,D55,
Oxy,Constitution,EPRMS,D114,Riser D Tension,kips,derived,,Total tension measured in Riser,,Derived,Distance,P7,D56,
Oxy,Constitution,EPRMS,D115,Riser E LC 1 Diff,kips,derived,,Differential pressure values from sensor,,Derived,Distance,P2,D57,
Oxy,Constitution,EPRMS,D116,Riser E LC 2 Diff,kips,derived,,Differential pressure values from sensor,,Derived,Distance,P2,D58,
Oxy,Constitution,EPRMS,D117,Riser E LC 3 Diff,kips,derived,,Differential pressure values from sensor,,Derived,Distance,P2,D59,
Oxy,Constitution,EPRMS,D118,Riser E Bend Abt X-Axis,kip-ft,derived,,Bending angle of Riser around the X-axis,,Derived,Distance,P2,D60,
Oxy,Constitution,EPRMS,D119,Riser E Bend Abt Y-Axis,kip-ft,derived,,Bending angle of Riser around the Y-axis,,Derived,Distance,P2,D61,
Oxy,Constitution,EPRMS,D120,Riser E Tension,kips,derived,,Total tension measured in Riser,,Derived,Distance,P2,D62,
Oxy,Constitution,EPRMS,D121,Riser F LC 1 Diff,kips,derived,,Differential pressure values from sensor,,Derived,Distance,P2,D63,
Oxy,Constitution,EPRMS,D122,Riser F LC 2 Diff,kips,derived,,Differential pressure values from sensor,,Derived,Distance,P2,D64,
Oxy,Constitution,EPRMS,D123,Riser F LC 3 Diff,kips,derived,,Differential pressure values from sensor,,Derived,Distance,P2,D65,
Oxy,Constitution,EPRMS,D124,Riser F Bend Abt X-Axis,kip-ft,derived,,Bending angle of Riser around the X-axis,,Derived,Distance,P2,D66,
Oxy,Constitution,EPRMS,D125,Riser F Bend Abt Y-Axis,kip-ft,derived,,Bending angle of Riser around the Y-axis,,Derived,Distance,P2,D67,
Oxy,Constitution,EPRMS,D126,Riser F Tension,kips,derived,,Total tension measured in Riser,,Derived,Distance,P2,D68,
Oxy,Constitution,EPRMS,D127,Riser A Tension AVG,kips,derived,,running average of Riser tension,,Derived,Distance,P2,D69,
Oxy,Constitution,EPRMS,D128,Riser B Tension AVG,kips,derived,,running average of Riser tension,,Derived,Distance,P2,D70,
Oxy,Constitution,EPRMS,D129,Riser C Tension AVG,kips,derived,,running average of Riser tension,,Derived,Distance,P2,D71,
Oxy,Constitution,EPRMS,D130,Riser D Tension AVG,kips,derived,,running average of Riser tension,,Derived,Distance,P2,D72,
Oxy,Constitution,EPRMS,D131,Riser E Tension AVG,kips,derived,,running average of Riser tension,,Derived,Distance,P2,D73,
Oxy,Constitution,EPRMS,D132,Riser F Tension AVG,kips,derived,,running average of Riser tension,,Derived,Distance,P2,D74,
Oxy,Constitution,EPRMS,D133,Air Temperature Avg,degF,derived,,running average of Air Temperature,,Derived,Distance,P2,D75,
Oxy,Constitution,EPRMS,D134,Humidity Avg,%,derived,,running average of Humidity,,Derived,Distance,P2,D76,
Oxy,Constitution,EPRMS,C1,Surge Signal Conditional Acceleration Slope,,config,,,,,,P2,D77,
Oxy,Constitution,EPRMS,C2,Surge signal conditional acceleration intercept,,config,,,,,,P2,D78,
Oxy,Constitution,EPRMS,C3,Surge acceleration slope,,config,,,,,,P2,D79,
Oxy,Constitution,EPRMS,C4,Surge acceleration intercept,,config,,,,,,P2,D80,
Oxy,Constitution,EPRMS,C5,Surge temperature slope ,,config,,,,,,P2,D81,
Oxy,Constitution,EPRMS,C6,Surge temperature intercept,,config,,,,,,P2,D82,
Oxy,Constitution,EPRMS,C7,Surge acceleration scale factor ,,config,,,,,,P2,D83,
Oxy,Constitution,EPRMS,C8,Surge acceleration scale factor,,config,,,,,,P2,D84,
Oxy,Constitution,EPRMS,C9,Surge acceleration scale factor,,config,,,,,,P2,D85,
Oxy,Constitution,EPRMS,C10,Surge acceleration scale factor,,config,,,,,,P2,D86,
Oxy,Constitution,EPRMS,C11,Surge acceleration bias,,config,,,,,,P2,D87,
Oxy,Constitution,EPRMS,C12,Surge acceleration bias,,config,,,,,,P2,D88,
Oxy,Constitution,EPRMS,C13,Surge acceleration bias,,config,,,,,,P2,D89,
Oxy,Constitution,EPRMS,C14,Surge acceleration bias,,config,,,,,,P2,D90,
Oxy,Constitution,EPRMS,C15,Sway signal conditional acceleration slope,,config,,,,,,P12,D91,
Oxy,Constitution,EPRMS,C16,Sway signal conditional acceleration intercept,,config,,,,,,P12,D92,
Oxy,Constitution,EPRMS,C17,Sway acceleration slope,,config,,,,,,P12,D93,
Oxy,Constitution,EPRMS,C18,Sway acceleration intercept,,config,,,,,,P12,D94,
Oxy,Constitution,EPRMS,C19,Sway temperature slope ,,config,,,,,,P12,D95,
Oxy,Constitution,EPRMS,C20,Sway temperature intercept,,config,,,,,,P12,D96,
Oxy,Constitution,EPRMS,C21,Sway acceleration scale factor ,,config,,,,,,P12,D97,
Oxy,Constitution,EPRMS,C22,Sway acceleration scale factor,,config,,,,,,P12,D98,
Oxy,Constitution,EPRMS,C23,Sway acceleration scale factor,,config,,,,,,P12,D99,
Oxy,Constitution,EPRMS,C24,Sway acceleration scale factor,,config,,,,,,P12,D100,
Oxy,Constitution,EPRMS,C25,Sway acceleration bias,,config,,,,,,P12,D101,
Oxy,Constitution,EPRMS,C26,Sway acceleration bias,,config,,,,,,P12,D102,
Oxy,Constitution,EPRMS,C27,Sway acceleration bias,,config,,,,,,P12,D103,
Oxy,Constitution,EPRMS,C28,Sway acceleration bias,,config,,,,,,P12,D104,
Oxy,Constitution,EPRMS,C29,Heave signal conditional acceleration slope,,config,,,,,,P12,D105,
Oxy,Constitution,EPRMS,C30,Heave signal conditional acceleration intercept,,config,,,,,,P12,D106,
Oxy,Constitution,EPRMS,C31,Heave acceleration slope,,config,,,,,,P12,D107,
Oxy,Constitution,EPRMS,C32,Heave acceleration intercept,,config,,,,,,P12,D108,
Oxy,Constitution,EPRMS,C33,Heave temperature slope ,,config,,,,,,P12,D109,
Oxy,Constitution,EPRMS,C34,Heave temperature intercept,,config,,,,,,P12,D110,
Oxy,Constitution,EPRMS,C35,Heave acceleration scale factor ,,config,,,,,,P12,D111,
Oxy,Constitution,EPRMS,C36,Heave acceleration scale factor,,config,,,,,,P12,D112,
Oxy,Constitution,EPRMS,C37,Heave acceleration scale factor,,config,,,,,,P12,D113,
Oxy,Constitution,EPRMS,C38,Heave acceleration scale factor,,config,,,,,,P12,D114,
Oxy,Constitution,EPRMS,C39,Heave acceleration bias,,config,,,,,,P12,D115,
Oxy,Constitution,EPRMS,C40,Heave acceleration bias,,config,,,,,,P12,D116,
Oxy,Constitution,EPRMS,C41,Heave acceleration bias,,config,,,,,,P12,D117,
Oxy,Constitution,EPRMS,C42,Heave acceleration bias,,config,,,,,,P12,D118,
Oxy,Constitution,EPRMS,C43,Local Gravity,,config,,,,,,P12,D119,
Oxy,Constitution,EPRMS,C44,Allied Gravity,,config,,,,,,P12,D120,
Oxy,Constitution,EPRMS,C45,Spar Normal Heading,,config,,,,,,P12,D121,
Oxy,Constitution,EPRMS,C46,Latitude Reference,,config,,,,,,P12,D122,
Oxy,Constitution,EPRMS,C47,Longitude Reference,,config,,,,,,P12,D123,
Oxy,Constitution,EPRMS,C48,UTM East Reference,,config,,,,,,P12,D124,
Oxy,Constitution,EPRMS,C49,UTM North Reference,,config,,,,,,P12,D125,
Oxy,Constitution,EPRMS,C50,GPS North Distance,,config,,,,,,P12,D126,
Oxy,Constitution,EPRMS,C51,GPS East Distance,,config,,,,,,P12,D127,
Oxy,Constitution,EPRMS,C52,Crane Anemometer Height,,config,,,,,,P12,D128,
Oxy,Constitution,EPRMS,C53,FB Anemometer Height,,config,,,,,,P12,D129,
Oxy,Constitution,EPRMS,C54,GPS Antenna Height,,config,,,,,,P12,D130,
Oxy,Constitution,EPRMS,C55,FP Wind Dir Offset,,config,,,,,,P12,D131,
Oxy,Constitution,EPRMS,C56,Crane Wind Dir Offset,,config,,,,,,P12,D132,
Oxy,Constitution,EPRMS,C57,Crane Heading Offset,,config,,,,,,P11,D133,
Oxy,Constitution,EPRMS,C58,Crane Radius,,config,,,,,,P11,D134,
Oxy,Constitution,EPRMS,C59,NE Airgap Height,,config,,,,,,,,
Oxy,Constitution,EPRMS,C60,SW Airgap Height,,config,,,,,,,,
Oxy,Constitution,EPRMS,C61,Watch Circle R HiHi,,config,,,,,,,,
Oxy,Constitution,EPRMS,C62,Watch Circle R Hi,,config,,,,,,,,
Oxy,Constitution,EPRMS,C63,Roll/Pitch Calc Method,,config,,,,,,,,
Oxy,Constitution,EPRMS,C64,Outlier Runcount,,config,,,,,,,,
Oxy,Constitution,EPRMS,C65,Outlier STDMUL,,config,,,,,,,,
Oxy,Constitution,EPRMS,C66,WH Max Ratio,,config,,,,,,,,
Oxy,Constitution,EPRMS,C67,WH Min Height,,config,,,,,,,,
Oxy,Constitution,EPRMS,C68,WH Small Wave,,config,,,,,,,,
Oxy,Constitution,EPRMS,C69,WH Small Ration,,config,,,,,,,,
Oxy,Constitution,EPRMS,C70,Correction Factor,,config,,,,,,,,
Oxy,Constitution,EPRMS,C71,Motion Avg Interval,,config,,,,,,,,
Oxy,Constitution,EPRMS,C72,Position Avg Interval,,config,,,,,,,,
Oxy,Constitution,EPRMS,C73,Wind Avg Interval,,config,,,,,,,,
Oxy,Constitution,EPRMS,C74,Wave Avg Interval,,config,,,,,,,,
Oxy,Constitution,EPRMS,C75,WS Max Glitch,,config,,,,,,,,
Oxy,Constitution,EPRMS,C76,WS Max Delta,,config,,,,,,,,
Oxy,Constitution,EPRMS,P1,Derived Draft,,processor,,,,,,,,
Oxy,Constitution,EPRMS,P2,Derived Ballast,,processor,,,,,,,,
Oxy,Constitution,EPRMS,P3,Derived Motion,,processor,,,,,,,,
Oxy,Constitution,EPRMS,P4,Derived FB GPS,,processor,,,,,,,,
Oxy,Constitution,EPRMS,P5,Derived Average GPS,,processor,,,,,,,,
Oxy,Constitution,EPRMS,P6,Derived FB Wind,,processor,,,,,,,,
Oxy,Constitution,EPRMS,P7,Derived Crane Wind,,processor,,,,,,,,
Oxy,Constitution,EPRMS,P8,Derived Best Wind,,processor,,,,,,,,
Oxy,Constitution,EPRMS,P9,Derived Wave,,processor,,,,,,,,
Oxy,Constitution,EPRMS,P10,Derived Best Wave,,processor,,,,,,,,
Oxy,Constitution,EPRMS,P11,Derived Weather,,processor,,,,,,,,
Oxy,Constitution,EPRMS,P12,Derived Riser,,processor,,,,,,,,
