client,facility,system,reference_latitude,reference_longitude,pq_heading_tn_deg,coordinate_system_plusx,coordinate_system_plusy,coordinate_system_plusz,msl_distance_from_keel,sensor_name,sensor_x,sensor_y,sensor_z,unit,z_reference
Oxy,Boomvang,EPRMS,27.35386,-94.625428,15,PE,PN,Up,,6DoF MID,27.715,-31.3575,545.229,,From Keel
Oxy,Boomvang,EPRMS,27.35386,-94.625428,15,PE,PN,Up,,6DoF LONG,-28.2392,-31.5592,545.188,,From Keel
Oxy,Boomvang,EPRMS,27.35386,-94.625428,15,PE,PN,Up,,6DoF TRANS,28.1825,31.4858,545.323,,From Keel
Oxy,Boomvang,EPRMS,27.35386,-94.625428,15,PE,PN,Up,,Rates,27.715,-31.3575,545.229,,From Keel
Oxy,Boomvang,EPRMS,27.35386,-94.625428,15,PE,PN,Up,,GPS1,-47.5,-29,665.68,,From Keel
Oxy,Boomvang,EPRMS,27.35386,-94.625428,15,PE,PN,Up,,Airgap NE,75.28,-63.82,564.68,,From Keel
Oxy,Boomvang,EPRMS,27.35386,-94.625428,15,PE,PN,Up,,Airgap SE,-78.73,-63.98,564.68,,From Keel
Oxy,Boomvang,EPRMS,27.35386,-94.625428,15,PE,PN,Up,,Airgap SW,-78.78,63.84,564.68,,From Keel
Oxy,Boomvang,EPRMS,27.35386,-94.625428,15,PE,PN,Up,,Airgap NW,78.83,63.88,564.68,,From Keel
Oxy,Boomvang,EPRMS,27.35386,-94.625428,15,PE,PN,Up,,EC Wind,,,200.91,,From MWL
Oxy,Constitution,EPRMS,27.292467,-90.968075,0,PN,PW,Up,,6DoF,-37.21,-32.5,228.696,,
Oxy,Constitution,EPRMS,27.292467,-90.968075,0,PN,PW,Up,,GPS,125.33,-32.66,176.42,,328.42
Oxy,Constitution,EPRMS,27.292467,-90.968075,0,PN,PW,Up,,Airgap NE,90.19,-64.97,225.5,,
Oxy,Constitution,EPRMS,27.292467,-90.968075,0,PN,PW,Up,,Airgap SW,-89.5,66.37,225.5,,
Oxy,Constitution,EPRMS,27.292467,-90.968075,0,PN,PW,Up,,FB Wind,,,174.25,,
Oxy,Constitution,EPRMS,27.292467,-90.968075,0,PN,PW,Up,,Crane Wind,,,208.75,,
Oxy,Gunnison,EPRMS,27.30382069,-93.53841048,6,PE,PN,Up,,Wind,,,168.66,,
Oxy,Gunnison,EPRMS,27.30382069,-93.53841048,6,PE,PN,Up,499,6DoF,-56.73,-16.54,115,,
Oxy,Gunnison,EPRMS,27.30382069,-93.53841048,6,PE,PN,Up,,GPS,-54,-69,174.82,,
Oxy,Heidelberg,EPRMS,27.11170734,-90.76401181,15,PN,PW,Up,,EC GPS,51.5,-68,0,,800
Oxy,Heidelberg,EPRMS,27.11170734,-90.76401181,15,PN,PW,Up,,WC GPS,51.5,68,0,,800
Oxy,Heidelberg,EPRMS,27.11170734,-90.76401181,15,PN,PW,Up,,SW Airgap,-101.16,75.33,655,,From Keel
Oxy,Heidelberg,EPRMS,27.11170734,-90.76401181,15,PN,PW,Up,,NE Airgap,101.75,-78.33,655,,
Oxy,Heidelberg,EPRMS,27.11170734,-90.76401181,15,PN,PW,Up,,Central Draft,1.182,8.531,,,
Oxy,Heidelberg,EPRMS,27.11170734,-90.76401181,15,PN,PW,Up,,NE Draft,1.182,8.531,,,
Oxy,Heidelberg,EPRMS,27.11170734,-90.76401181,15,PN,PW,Up,,SW Draft,-101.16,75.33,,,
Oxy,Heidelberg,EPRMS,27.11170734,-90.76401181,15,PN,PW,Up,,6DoF,-56.16,-42.33,660,,
Oxy,Heidelberg,EPRMS,27.11170734,-90.76401181,15,PN,PW,Up,,EC Wind,,,238,,From MWL
Oxy,Heidelberg,EPRMS,27.11170734,-90.76401181,15,PN,PW,Up,,WC Wind,,,238,,
Oxy,Holstein,EPRMS,27.321512,-90.535526,28,PN,PW,Up,,EC GPS,4.5,140.28,955.93,,FromKeel
Oxy,Holstein,EPRMS,27.321512,-90.535526,28,PN,PW,Up,,WC GPS,21.26,-120.92,955.93,,
Oxy,Holstein,EPRMS,27.321512,-90.535526,28,PN,PW,Up,,6DoF,-55.5,52.5,827.43,,
Oxy,Holstein,EPRMS,27.321512,-90.535526,28,PN,PW,Up,,EC Wind,,,259.3,,
Oxy,Holstein,EPRMS,27.321512,-90.535526,28,PN,PW,Up,,WC Wind,,,257.3,,
Oxy,Holstein,EPRMS,27.321512,-90.535526,28,PN,PW,Up,,Airgap North,101.5,74.3,765.4,,From Keel
Oxy,Holstein,EPRMS,27.321512,-90.535526,28,PN,PW,Up,,Airgap South,-101.5,-65.5,765.4,,
Oxy,Holstein,EPRMS,27.321512,-90.535526,28,PN,PW,Up,,Airgap East,101.5,-63.5,765.4,,
Oxy,Holstein,EPRMS,27.321512,-90.535526,28,PN,PW,Up,,Airgap West,-129.5,80.5,765.4,,
Oxy,Horn Mountain,EPRMS,28.866186,-88.056272,-45,PN,PW,Up,,GPS1 EC,74.25,14.14,,,
Oxy,Horn Mountain,EPRMS,28.866186,-88.056272,-45,PN,PW,Up,,GPS2 WC,-74.25,-14.14,,,
Oxy,Horn Mountain,EPRMS,28.866186,-88.056272,-45,PN,PW,Up,,EC Wind,,,205,,
Oxy,Horn Mountain,EPRMS,28.866186,-88.056272,-45,PN,PW,Up,,WC Wind,,,205,,
Oxy,Horn Mountain,EPRMS,28.866186,-88.056272,-45,PN,PW,Up,,6DoF,-44.5,32.5,593.72,,From Keel
Oxy,Horn Mountain,EPRMS,28.866186,-88.056272,-45,PN,PW,Up,,Wave1 North           ,89.25,-67.25,583,,
Oxy,Horn Mountain,EPRMS,28.866186,-88.056272,-45,PN,PW,Up,,Wave2 South            ,-86.92,65.58,583,,
Oxy,Lucius,EPRMS,26.13219923,-92.04034293,19.77,PN,PW,Up,,EC Wind,,,239.75,,
Oxy,Lucius,EPRMS,26.13219923,-92.04034293,19.77,PN,PW,Up,,WC Wind,,,240,,
Oxy,Lucius,EPRMS,26.13219923,-92.04034293,19.77,PN,PW,Up,,EC GPS,49.5,-72.5,800,,
Oxy,Lucius,EPRMS,26.13219923,-92.04034293,19.77,PN,PW,Up,,WC GPS,44.5,63.5,800,,
Oxy,Lucius,EPRMS,26.13219923,-92.04034293,19.77,PN,PW,Up,,Central Draft,1.182,8.531,,,
Oxy,Lucius,EPRMS,26.13219923,-92.04034293,19.77,PN,PW,Up,,East Draft,101.75,-78.33,,,
Oxy,Lucius,EPRMS,26.13219923,-92.04034293,19.77,PN,PW,Up,,South Draft,-101.16,75.33,,,
Oxy,Lucius,EPRMS,26.13219923,-92.04034293,19.77,PN,PW,Up,,6DoF,-56.16,-42.33,660,,From Keel
Oxy,Lucius,EPRMS,26.13219923,-92.04034293,19.77,PN,PW,Up,,South Airgap,-101.16,75.33,645,,
Oxy,Lucius,EPRMS,26.13219923,-92.04034293,19.77,PN,PW,Up,,East Airgap,101.75,-78.33,645,,
Oxy,Marco Polo,EPRMS,27.36230723,-90.18142961,120,PE,PN,Up,129,FB Wind,,,197,,
Oxy,Marco Polo,EPRMS,27.36230723,-90.18142961,120,PE,PN,Up,,LP Wind,,,143,,
Oxy,Marco Polo,EPRMS,27.36230723,-90.18142961,120,PE,PN,Up,,GPS,20,-70,261,,
Oxy,Marco Polo,EPRMS,27.36230723,-90.18142961,120,PE,PN,Up,,East Airgap,93.76,44.55,79,,
Oxy,Marco Polo,EPRMS,27.36230723,-90.18142961,120,PE,PN,Up,,South Airgap,2.05,-72.34,79,,
Oxy,Marco Polo,EPRMS,27.36230723,-90.18142961,120,PE,PN,Up,,West Airgap,-96.73,61.52,79,,
Oxy,Marco Polo,EPRMS,27.36230723,-90.18142961,120,PE,PN,Up,,6DoF,-50,-65,106,,
Oxy,Marlin,EPRMS,29.10798914,-87.94334921,-45,PN,PW,Up,,GPS,,,70,,
Oxy,Marlin,EPRMS,29.10798914,-87.94334921,-45,PN,PW,Up,,Wave Sensor,,,79,,
Oxy,Marlin,EPRMS,29.10798914,-87.94334921,-45,PN,PW,Up,,Trim and Heel,79.4,-55.67,-53,,
Oxy,Marlin,EPRMS,29.10798914,-87.94334921,-45,PN,PW,Up,,GPS,-39.17,-108.92,67,,
Oxy,Marlin,EPRMS,29.10798914,-87.94334921,-45,PN,PW,Up,,Air Gap North          ,102.64,-12.39,6.33,, (From rig center & column top)
Oxy,Marlin,EPRMS,29.10798914,-87.94334921,-45,PN,PW,Up,,Air Gap East           ,45.42,-113.58,6.33,,
Oxy,Marlin,EPRMS,29.10798914,-87.94334921,-45,PN,PW,Up,,Air Gap South          ,-107.63,-21.83,6.33,,
Oxy,Marlin,EPRMS,29.10798914,-87.94334921,-45,PN,PW,Up,,Air Gap West           ,-28.81,113.58,6.33,,
Oxy,Marlin,EPRMS,29.10798914,-87.94334921,-45,PN,PW,Up,,Wind Speed Crane A-2,,,180,,
Oxy,Marlin,EPRMS,29.10798914,-87.94334921,-45,PN,PW,Up,,Wind Speed Crane D-3,,,180,,
Oxy,Nansen,EPRMS,27.3672686,-94.46776365,15.4?,PN,PW,Up,493,GPS,-98.04,-29,667.66,,
Oxy,Nansen,EPRMS,27.3672686,-94.46776365,15.4?,PN,PW,Up,,6DoF,-43.31,-3.15,606.68,,
Oxy,Nansen,EPRMS,27.3672686,-94.46776365,15.4?,PN,PW,Up,,PC Wind,,,160,,
BP,Argos,IMMS,27.17353556,-90.36567222,22.5,PE,PN,Up,,Norh Airgap,21.91,180.63,181.09,,
BP,Argos,IMMS,27.17353556,-90.36567222,22.5,PE,PN,Up,,East Airgap,182.39,37,189.61,,
BP,Argos,IMMS,27.17353556,-90.36567222,22.5,PE,PN,Up,,South Airgap,21.6,-167.31,189.6,,
BP,Argos,IMMS,27.17353556,-90.36567222,22.5,PE,PN,Up,,West Airgap,-172.94,-20.85,158.21,,
BP,Argos,IMMS,27.17353556,-90.36567222,22.5,PE,PN,Up,,NW Draft,-157.55,103.25,,,
BP,Argos,IMMS,27.17353556,-90.36567222,22.5,PE,PN,Up,,NE Draft,157.55,96.56,,,
BP,Argos,IMMS,27.17353556,-90.36567222,22.5,PE,PN,Up,,SE Draft,157.55,-96.56,,,
BP,Argos,IMMS,27.17353556,-90.36567222,22.5,PE,PN,Up,,SW Draft,-157.55,-106.19,,,
BP,Argos,IMMS,27.17353556,-90.36567222,22.5,PE,PN,Up,,LQ GPS,-92.4,-52.5,242.36,,
BP,Argos,IMMS,27.17353556,-90.36567222,22.5,PE,PN,Up,,NW GPS,-171,77.7,342.76,,
BP,Argos,IMMS,27.17353556,-90.36567222,22.5,PE,PN,Up,,LQ Wind ,,,244.04,,
BP,Argos,IMMS,27.17353556,-90.36567222,22.5,PE,PN,Up,,NW Wind ,,,342.76,,
BP,Argos,IMMS,27.17353556,-90.36567222,22.5,PE,PN,Up,,SE Wind,,,346.34,,
BP,Atlantis,IMMS,27.19573348,-90.02701435,165,PN,PE,Down,,GPS,-62.979,145.354,,,
BP,Atlantis,IMMS,27.19573348,-90.02701435,165,PN,PE,Down,,North Airgap,-149.19,3.336,147.94,,
BP,Atlantis,IMMS,27.19573348,-90.02701435,165,PN,PE,Down,,South Airgap,178.369,0.741,170.906,,
BP,Atlantis,IMMS,27.19573348,-90.02701435,165,PN,PE,Down,,East Airgap,-19.01,132.886,161.406,,
BP,Atlantis,IMMS,27.19573348,-90.02701435,165,PN,PE,Down,,West Airgap,-60.08,-157.398,179.062,,
BP,Atlantis,IMMS,27.19573348,-90.02701435,165,PN,PE,Down,,Crane Wind,,,225.776,,
BP,Atlantis,IMMS,27.19573348,-90.02701435,165,PN,PE,Down,,Deck Wind,,,155.325,,
BP,Atlantis,IMMS,27.19573348,-90.02701435,165,PN,PE,Down,,GcGPS,124.583,58.75,128.1,,
BP,Glen Lyon,IMMS,60.35639111,-4.0678525,0,PN,PW,Up,,M114 Airgap,14,14,,meters,
BP,Glen Lyon,IMMS,60.35639111,-4.0678525,0,PN,PW,Up,,M113 Airgap,14,14,,,
BP,Glen Lyon,IMMS,60.35639111,-4.0678525,0,PN,PW,Up,,FWD Wind,,,46.1,,
BP,Glen Lyon,IMMS,60.35639111,-4.0678525,0,PN,PW,Up,,AFT Wind,,,69.5,,
BP,Glen Lyon,IMMS,60.35639111,-4.0678525,0,PN,PW,Up,,D232A GPS,-209.9,-0.64,66,,
BP,Glen Lyon,IMMS,60.35639111,-4.0678525,0,PN,PW,Up,,D232B GPS,-209.9,-5.07,66,,
BP,Glen Lyon,IMMS,60.35639111,-4.0678525,0,PN,PW,Up,,Barometric Pressure,,,49.5,,
BP,Glen Lyon,IMMS,60.35639111,-4.0678525,0,PN,PW,Up,,QNH,,,0,,
BP,Glen Lyon,IMMS,60.35639111,-4.0678525,0,PN,PW,Up,,QFE,,,47.7,,
BP,Glen Lyon,IMMS,60.35639111,-4.0678525,0,PN,PW,Up,,HELI,,,47.7,,
BP,Glen Lyon,IMMS,60.35639111,-4.0678525,0,PN,PW,Up,,Bow Wind,,,69.5,,
BP,Mad Dog,IMMS,27.18864451,-90.26874742,18,PN,PW,Up,,GPS1 EC,28.478,90.741,,,
BP,Mad Dog,IMMS,27.18864451,-90.26874742,18,PN,PW,Up,,GPS2 WC,-28.478,-90.741,,,
BP,Mad Dog,IMMS,27.18864451,-90.26874742,18,PN,PW,Up,,EC Wind,,,198,,
BP,Mad Dog,IMMS,27.18864451,-90.26874742,18,PN,PW,Up,,WC Wind,,,198,,
BP,Na Kika,IMMS,28.52114484,-88.28878917,5,PN,PW,Up,,PRI GPS,-196.5,-62.5,,90.8,
BP,Na Kika,IMMS,28.52114484,-88.28878917,5,PN,PW,Up,,SEC GPS,-141,-62.5,,,
BP,Na Kika,IMMS,28.52114484,-88.28878917,5,PN,PW,Up,,SPS551 GPS,-195.5,-62.5,,,
BP,Na Kika,IMMS,28.52114484,-88.28878917,5,PN,PW,Up,,EC Wind,,,200,,
BP,Na Kika,IMMS,28.52114484,-88.28878917,5,PN,PW,Up,,WC Wind,,,200,,
BP,Na Kika,IMMS,28.52114484,-88.28878917,5,PN,PW,Up,,WPED Wind,,,146,,
BP,Na Kika,IMMS,28.52114484,-88.28878917,5,PN,PW,Up,,AWOS Wind,,,100,,
BP,Na Kika,IMMS,28.52114484,-88.28878917,5,PN,PW,Up,,PN Airgap,165.42,3.5,,,
BP,Na Kika,IMMS,28.52114484,-88.28878917,5,PN,PW,Up,,PE Airgap,-24.5,-156.875,,,
BP,Na Kika,IMMS,28.52114484,-88.28878917,5,PN,PW,Up,,PS Airgap,-165.5,1,,,
BP,Na Kika,IMMS,28.52114484,-88.28878917,5,PN,PW,Up,,PW Airgap,-24.75,156.75,,,
BP,Na Kika,IMMS,28.52114484,-88.28878917,5,PN,PW,Up,,LT-NWSCB01,133.5,-99,,,
BP,Na Kika,IMMS,28.52114484,-88.28878917,5,PN,PW,Up,,LT-NESCB01,133.5,-99,,,
BP,Na Kika,IMMS,28.52114484,-88.28878917,5,PN,PW,Up,,LT-SWSCB01,-133.5,99,,,
BP,Na Kika,IMMS,28.52114484,-88.28878917,5,PN,PW,Up,,LT-SESCB01,-133.5,99,,,
BP,Thunder Horse,IMMS,28.1827,-88.4947,-17.5,PS,PE,Up,,North Airgap,-233.2,4.5,198.3,,
BP,Thunder Horse,IMMS,28.1827,-88.4947,-17.5,PS,PE,Up,,South Airgap,280.8,0,190.2,,
BP,Thunder Horse,IMMS,28.1827,-88.4947,-17.5,PS,PE,Up,,East Airgap,5.2,181.1,191,,
BP,Thunder Horse,IMMS,28.1827,-88.4947,-17.5,PS,PE,Up,,West Airgap,-19.1,-187.9,172.5,,
Chevron,Blind Faith,EFMS,28.34178442,-88.26568163,30,PN,PW,Up,,EC Wind,,,192.19,,
Chevron,Blind Faith,EFMS,28.34178442,-88.26568163,30,PN,PW,Up,,EC GPS,22.5,-67.5,,,
Chevron,Blind Faith,EFMS,28.34178442,-88.26568163,30,PN,PW,Up,,WC Wind,,,173.39,,
Chevron,Blind Faith,EFMS,28.34178442,-88.26568163,30,PN,PW,Up,,WC GPS,22.5,67.5,,,
Chevron,Blind Faith,EFMS,28.34178442,-88.26568163,30,PN,PW,Up,,North Airgap,124.82,5.35,167.85,,
Chevron,Blind Faith,EFMS,28.34178442,-88.26568163,30,PN,PW,Up,,East Airgap,-7.49,-78.11,167.6,,
Chevron,Blind Faith,EFMS,28.34178442,-88.26568163,30,PN,PW,Up,,South Airgap,-118.77,-7.6,167.5,,
Chevron,Blind Faith,EFMS,28.34178442,-88.26568163,30,PN,PW,Up,,West Airgap,-6.42,83.46,156.83,,
Chevron,Blind Faith,EFMS,28.34178442,-88.26568163,30,PN,PW,Up,,NW Draft,106.44,106.44,,,
Chevron,Blind Faith,EFMS,28.34178442,-88.26568163,30,PN,PW,Up,,NE Draft,106.44,-106.44,,,
Chevron,Blind Faith,EFMS,28.34178442,-88.26568163,30,PN,PW,Up,,SE Draft,-106.44,-106.44,,,
Chevron,Blind Faith,EFMS,28.34178442,-88.26568163,30,PN,PW,Up,,SW Draft,-106.44,106.44,,,
Chevron,Blind Faith,EFMS,28.34178442,-88.26568163,30,PN,PW,Up,,6DoF,-34.4,-44.5,208.5,,
Chevron,Blind Faith,EFMS,28.34178442,-88.26568163,30,PN,PW,Up,,Temperature,24.77,-84.77,237.45,,
Chevron,Blind Faith,EFMS,28.34178442,-88.26568163,30,PN,PW,Up,,Barometric Pressure,24.77,-84.77,237.45,,
Chevron,Jack/St. Malo,EFMS,26.23528372,-91.26113504,343,PN,PW,Up,,Heli GPS,-131.74,-104.74,159.875728,,
Chevron,Jack/St. Malo,EFMS,26.23528372,-91.26113504,343,PN,PW,Up,,WC GPS,-23.08,179.75,379.3,,
Chevron,Jack/St. Malo,EFMS,26.23528372,-91.26113504,343,PN,PW,Up,,WC Wind,,,379.3,,
Chevron,Jack/St. Malo,EFMS,26.23528372,-91.26113504,343,PN,PW,Up,,EC Wind,,,379.3,,
Chevron,Jack/St. Malo,EFMS,26.23528372,-91.26113504,343,PN,PW,Up,,NW Draft,-106.39,173.58,,,
Chevron,Jack/St. Malo,EFMS,26.23528372,-91.26113504,343,PN,PW,Up,,NE Draft,106.39,173.58,,,
Chevron,Jack/St. Malo,EFMS,26.23528372,-91.26113504,343,PN,PW,Up,,SW Draft,-106.39,-173.58,,,
Chevron,Jack/St. Malo,EFMS,26.23528372,-91.26113504,343,PN,PW,Up,,SE Draft,106.39,-173.58,,,
Chevron,Jack/St. Malo,EFMS,26.23528372,-91.26113504,343,PN,PW,Up,,East Airgap,156.08,-3,234.08,,
Chevron,Jack/St. Malo,EFMS,26.23528372,-91.26113504,343,PN,PW,Up,,North Airgap,-67.5,189.4,208.42,,
Chevron,Jack/St. Malo,EFMS,26.23528372,-91.26113504,343,PN,PW,Up,,South Airgap,12.41,-188.16,221.42,,
Chevron,Jack/St. Malo,EFMS,26.23528372,-91.26113504,343,PN,PW,Up,,West Airgap,-168.75,1.58,209.83,,
Chevron,Jack/St. Malo,EFMS,26.23528372,-91.26113504,343,PN,PW,Up,,Orion 6DoF,81.1,-87.75,253.75,,
Chevron,Jack/St. Malo,EFMS,26.23528372,-91.26113504,343,PN,PW,Up,,Heli,257,0,48.9,,
Hess,Stampede,IMMS,27.50926152,-90.5563786,95,PE,PN,Up,91?,6DoF,101.42,100.55,188.5,ft,
Hess,Stampede,IMMS,27.50926152,-90.5563786,95,PE,PN,Up,,LQ-N Wind,,,200,ft,
Hess,Stampede,IMMS,27.50926152,-90.5563786,95,PE,PN,Up,,LQ-S Wind,,,200,ft,
Hess,Stampede,IMMS,27.50926152,-90.5563786,95,PE,PN,Up,,LQ-N GPS,85.1,80,307.08,ft,
Hess,Stampede,IMMS,27.50926152,-90.5563786,95,PE,PN,Up,,LQ-S GPS,83.66,5,306.75,ft,
Hess,Stampede,IMMS,27.50926152,-90.5563786,95,PE,PN,Up,,AWOS,,,,ft,
Hess,Stampede,IMMS,27.50926152,-90.5563786,95,PE,PN,Up,,Weather,,,,ft,
Hess,Stampede,IMMS,27.50926152,-90.5563786,95,PE,PN,Up,,North Airgap,-15.2,150.26,207.5,ft,
Hess,Stampede,IMMS,27.50926152,-90.5563786,95,PE,PN,Up,,East Airgap,131.35,-11.1,207.5,ft,
Hess,Stampede,IMMS,27.50926152,-90.5563786,95,PE,PN,Up,,South Airgap,-4.75,-145.45,207.5,ft,
Hess,Stampede,IMMS,27.50926152,-90.5563786,95,PE,PN,Up,,West Airgap,-120.26,4.2,207.5,ft,
Hess,Stampede,IMMS,27.50926152,-90.5563786,95,PE,PN,Up,,HADCP,,,85.3,ft,
Hess,Stampede,IMMS,27.50926152,-90.5563786,95,PE,PN,Up,,VADCP,,,85.3,ft,
Hess,Stampede,IMMS,27.50926152,-90.5563786,95,PE,PN,Up,,NE Column Draft,,,,ft,
Hess,Stampede,IMMS,27.50926152,-90.5563786,95,PE,PN,Up,,NW Column Draft,,,,ft,
Hess,Stampede,IMMS,27.50926152,-90.5563786,95,PE,PN,Up,,SE Column Draft,,,,ft,
Hess,Stampede,IMMS,27.50926152,-90.5563786,95,PE,PN,Up,,SW Column Draft,,,,ft,
LLOG,Who Dat,EFMS,28.415628,-89.0162639,340,PN,PW,Up,84?,6DoF,,,,ft,
LLOG,Who Dat,EFMS,28.415628,-89.0162639,340,PN,PW,Up,,CR1 Wind,,,292.19,ft,
LLOG,Who Dat,EFMS,28.415628,-89.0162639,340,PN,PW,Up,,CR2 Wind,,,292.19,ft,
LLOG,Who Dat,EFMS,28.415628,-89.0162639,340,PN,PW,Up,,CR1 GPS,0,-94.49,,ft,
LLOG,Who Dat,EFMS,28.415628,-89.0162639,340,PN,PW,Up,,CR2 GPS,0,94.48,,ft,
LLOG,Who Dat,EFMS,28.415628,-89.0162639,340,PN,PW,Up,,Environment,,,,ft,
LLOG,Who Dat,EFMS,28.415628,-89.0162639,340,PN,PW,Up,,North Airgap,120.92,1.22,165.2,ft,
LLOG,Who Dat,EFMS,28.415628,-89.0162639,340,PN,PW,Up,,East Airgap,-33.9,-102.38,165.2,ft,
LLOG,Who Dat,EFMS,28.415628,-89.0162639,340,PN,PW,Up,,South Airgap,-142.29,-25.24,166,ft,
LLOG,Who Dat,EFMS,28.415628,-89.0162639,340,PN,PW,Up,,West Airgap,-51.18,103,165.2,ft,
LLOG,Who Dat,EFMS,28.415628,-89.0162639,340,PN,PW,Up,,HADCP,,,89.9,ft,
LLOG,Who Dat,EFMS,28.415628,-89.0162639,340,PN,PW,Up,,VADCP,,,89.9,ft,
LLOG,Salamanca,IMMS,29.965501,-95.522809,22.5,PE,PN,Up,105,6DoF,12.8333,-89.5833,214.75,ft,From Keel
LLOG,Salamanca,IMMS,29.965501,-95.522809,22.5,PE,PN,Up,105,Temperature & Humidity,2.479166,-107.458333,244.354167,ft,From Keel
LLOG,Salamanca,IMMS,29.965501,-95.522809,22.5,PE,PN,Up,105,Barometric Pressure,3.770833,-107.229167,244.583333,ft,From Keel
LLOG,Salamanca,IMMS,29.965501,-95.522809,22.5,PE,PN,Up,105,EC Wind,,,201.333,ft,From MWL
LLOG,Salamanca,IMMS,29.965501,-95.522809,22.5,PE,PN,Up,105,WC Wind,,,188.08333,ft,From MWL
LLOG,Salamanca,IMMS,29.965501,-95.522809,22.5,PE,PN,Up,105,EC GPS,70,25,197.6666,ft,From Keel
LLOG,Salamanca,IMMS,29.965501,-95.522809,22.5,PE,PN,Up,105,WC GPS,-70,25,184.8333,ft,From Keel
LLOG,Salamanca,IMMS,29.965501,-95.522809,22.5,PE,PN,Up,105,LQ GPS,84.416666,-104.0542,150.66666,ft,From Keel
LLOG,Salamanca,IMMS,29.965501,-95.522809,22.5,PE,PN,Up,105,East Airgap,90.583333,32.33333,180.25,ft,From Keel
LLOG,Salamanca,IMMS,29.965501,-95.522809,22.5,PE,PN,Up,105,West Airgap,-88.16666,39.08333,180.25,ft,From Keel
LLOG,Salamanca,IMMS,29.965501,-95.522809,22.5,PE,PN,Up,105,HADCP1,-75.645833,-121.166667,155.695,ft,From Keel
LLOG,Salamanca,IMMS,29.965501,-95.522809,22.5,PE,PN,Up,105,HADCP2,-75.645833,-121.166667,155.695,ft,From Keel
LLOG,Salamanca,IMMS,29.965501,-95.522809,22.5,PE,PN,Up,105,VADCP,-75.645833,-121.166667,155.695,ft,From Keel
Murphy,Delta House,EFMS,28.75471891,-88.26731644,0,PN,PW,Up,,6DoF,-81.200787,9.973753,214.2388,ft,
Murphy,Delta House,EFMS,28.75471891,-88.26731644,0,PN,PW,Up,,WC Wind,,,297.8,ft,
Murphy,Delta House,EFMS,28.75471891,-88.26731644,0,PN,PW,Up,,EC Wind,,,297.8,ft,
Murphy,Delta House,EFMS,28.75471891,-88.26731644,0,PN,PW,Up,,WC GPS,0,112.16,,ft,
Murphy,Delta House,EFMS,28.75471891,-88.26731644,0,PN,PW,Up,,EC GPS,0,-112.16,,ft,
Murphy,Delta House,EFMS,28.75471891,-88.26731644,0,PN,PW,Up,,Environment,-129.85564,-9.973753,223.7533,ft,
Murphy,Delta House,EFMS,28.75471891,-88.26731644,0,PN,PW,Up,,North Airgap,150.04,12.79,178.47,ft,
Murphy,Delta House,EFMS,28.75471891,-88.26731644,0,PN,PW,Up,,South Airgap,-104.14,-12.01,178.678,ft,
Murphy,Delta House,EFMS,28.75471891,-88.26731644,0,PN,PW,Up,,VADCP,,,92.5,ft,
Murphy,Front Runner,EFMS,27.62508406,-90.44112944,93.46579,PN,PW,Up,,6DoF,-36.75,-5.9,75.5,ft,
Murphy,Front Runner,EFMS,27.62508406,-90.44112944,93.46579,PN,PW,Up,,Crane Wind,-33.3,-57.3,172.2,ft,
Murphy,Front Runner,EFMS,27.62508406,-90.44112944,93.46579,PN,PW,Up,,GPS,-90.33,-14.56,132,ft,
Murphy,Front Runner,EFMS,27.62508406,-90.44112944,93.46579,PN,PW,Up,,Environment,,,,ft,
Murphy,Front Runner,EFMS,27.62508406,-90.44112944,93.46579,PN,PW,Up,,Airgap SW ,-101.5,74.3,24.3,ft,
Murphy,Front Runner,EFMS,27.62508406,-90.44112944,93.46579,PN,PW,Up,,Airgap NE ,101.5,-62.5,24.3,ft,
Murphy,Front Runner,EFMS,27.62508406,-90.44112944,93.46579,PN,PW,Up,,VADCP,-43,34.41,-586,ft,
Murphy,Front Runner,EFMS,27.62508406,-90.44112944,93.46579,PN,PW,Up,,Surface Current,-43,0,-100,ft,
Murphy,Medusa,EFMS,28.39268348,-89.45349061,94.485,PN,PW,Up,,6DoF,0,52.875,74,ft,
Murphy,Medusa,EFMS,28.39268348,-89.45349061,94.485,PN,PW,Up,,Wind SE,-70.25,33.79,134.1,ft,
Murphy,Medusa,EFMS,28.39268348,-89.45349061,94.485,PN,PW,Up,,Wind NW,-63.6,93,134.3,ft,
Murphy,Medusa,EFMS,28.39268348,-89.45349061,94.485,PN,PW,Up,,GPS,-70.25,33.79,134.08,ft,
Murphy,Medusa,EFMS,28.39268348,-89.45349061,94.485,PN,PW,Up,,Environment,-1,56.9,74.38,ft,
Murphy,Medusa,EFMS,28.39268348,-89.45349061,94.485,PN,PW,Up,,Airgap SE,-69.4,-77.2,20.4,ft,
Murphy,Medusa,EFMS,28.39268348,-89.45349061,94.485,PN,PW,Up,,Airgap NW,76.6,96.3,20.4,ft,
Murphy,Medusa,EFMS,28.39268348,-89.45349061,94.485,PN,PW,Up,,VADCP,-6.8,46.7,-309,ft,
Murphy,Medusa,EFMS,28.39268348,-89.45349061,94.485,PN,PW,Up,,Surface Current,-47.1,0,-100,ft,
Shell,Appomattox,MIS,28.5737428,-87.9341983,91,PE,PN,Up,94.5?,6DoF,-130.6,-179.2,78,ft,
Shell,Appomattox,MIS,28.5737428,-87.9341983,91,PE,PN,Up,,Heli 6DoF,43.8,-162.8,145,ft,
Shell,Appomattox,MIS,28.5737428,-87.9341983,91,PE,PN,Up,,AWS Wind,,,244.54,ft,
Shell,Appomattox,MIS,28.5737428,-87.9341983,91,PE,PN,Up,,Lidar Wind,,,149.03,ft,
Shell,Appomattox,MIS,28.5737428,-87.9341983,91,PE,PN,Up,,Hem GPS,98.08,-137.875,252.146,ft,
Shell,Appomattox,MIS,28.5737428,-87.9341983,91,PE,PN,Up,,Fugro GPS,105.146,-137.833,252.313,ft,
Shell,Appomattox,MIS,28.5737428,-87.9341983,91,PE,PN,Up,,AWS,,,,ft,
Shell,Appomattox,MIS,28.5737428,-87.9341983,91,PE,PN,Up,,Weather,,,,ft,
Shell,Appomattox,MIS,28.5737428,-87.9341983,91,PE,PN,Up,,North Airgap,-9.583,219.537,194.499,ft,
Shell,Appomattox,MIS,28.5737428,-87.9341983,91,PE,PN,Up,,East Airgap,209.537,-10.25,194.499,ft,
Shell,Appomattox,MIS,28.5737428,-87.9341983,91,PE,PN,Up,,South Airgap,2.5,-209.51,194.499,ft,
Shell,Appomattox,MIS,28.5737428,-87.9341983,91,PE,PN,Up,,West Airgap,-217,-3.787,194.499,ft,
Shell,Appomattox,MIS,28.5737428,-87.9341983,91,PE,PN,Up,,HADCP,,,80,ft,
Shell,Appomattox,MIS,28.5737428,-87.9341983,91,PE,PN,Up,,VADCP,,,80,ft,
Shell,Auger,MIS,27.54622778,-92.44343333,17,PN,PW,Up,86.5?,AWOS Wind,,,183.5,ft,
Shell,Auger,MIS,27.54622778,-92.44343333,17,PN,PW,Up,,GPS,-189,-91.5,153,ft,
Shell,Auger,MIS,27.54622778,-92.44343333,17,PN,PW,Up,,AWOS,,,,ft,
Shell,Auger,MIS,27.54622778,-92.44343333,17,PN,PW,Up,,Weather,,,,ft,
Shell,Auger,MIS,27.54622778,-92.44343333,17,PN,PW,Up,,Miros,,,,ft,
Shell,Auger,MIS,27.54622778,-92.44343333,17,PN,PW,Up,,North Airgap,163.625,23.25,180.57,ft,
Shell,Auger,MIS,27.54622778,-92.44343333,17,PN,PW,Up,,East Airgap,-32,-163.208,180.7981,ft,
Shell,Auger,MIS,27.54622778,-92.44343333,17,PN,PW,Up,,South Airgap,-98.458,4.5,181.101,ft,
Shell,Auger,MIS,27.54622778,-92.44343333,17,PN,PW,Up,,West Airgap,6.5,146.04,179.235,ft,
Shell,Auger,MIS,27.54622778,-92.44343333,17,PN,PW,Up,,HADCP,,,77,ft,
Shell,Auger,MIS,27.54622778,-92.44343333,17,PN,PW,Up,,VADCP,,,74,ft,
Shell,Mars,MIS,28.1697522,-89.2229114,20,PN,PW,Up,91.6?,AWOS Wind,,,177,ft,
Shell,Mars,MIS,28.1697522,-89.2229114,20,PN,PW,Up,,Lidar Wind,,,298,ft,
Shell,Mars,MIS,28.1697522,-89.2229114,20,PN,PW,Up,,GPS,-94,-7,159 (from MWL),ft,
Shell,Mars,MIS,28.1697522,-89.2229114,20,PN,PW,Up,,AWOS,,,,ft,
Shell,Mars,MIS,28.1697522,-89.2229114,20,PN,PW,Up,,Weather,,,,ft,
Shell,Mars,MIS,28.1697522,-89.2229114,20,PN,PW,Up,,Miros,,,,ft,
Shell,Mars,MIS,28.1697522,-89.2229114,20,PN,PW,Up,,North Airgap,166.416,45,179.6,ft,
Shell,Mars,MIS,28.1697522,-89.2229114,20,PN,PW,Up,,East Airgap,-3,-131.667,179.6,ft,
Shell,Mars,MIS,28.1697522,-89.2229114,20,PN,PW,Up,,South Airgap,-149.75,0.5,179.6,ft,
Shell,Mars,MIS,28.1697522,-89.2229114,20,PN,PW,Up,,West Airgap,-1.75,151.417,179.6,ft,
Shell,Mars,MIS,28.1697522,-89.2229114,20,PN,PW,Up,,HADCP,,,32.8,ft,
Shell,Mars,MIS,28.1697522,-89.2229114,20,PN,PW,Up,,VADCP,,,32.8,ft,
Shell,Olympus,MIS,28.16014187,-89.23915559,55,PE,PN,Up,114?,6DoF,-118.75,-125.25,210.46,ft,
Shell,Olympus,MIS,28.16014187,-89.23915559,55,PE,PN,Up,,2DoF,,,,ft,
Shell,Olympus,MIS,28.16014187,-89.23915559,55,PE,PN,Up,,POW Wind,,,267,ft,
Shell,Olympus,MIS,28.16014187,-89.23915559,55,PE,PN,Up,,PRO Wind,,,267.7,ft,
Shell,Olympus,MIS,28.16014187,-89.23915559,55,PE,PN,Up,,DRL Wind,,,267.3,ft,
Shell,Olympus,MIS,28.16014187,-89.23915559,55,PE,PN,Up,,Fugro GPS,-56.90104,-120.97406,296.45,ft,
Shell,Olympus,MIS,28.16014187,-89.23915559,55,PE,PN,Up,,Orion GPS,-56.90104,-120.97406,296.45,ft,
Shell,Olympus,MIS,28.16014187,-89.23915559,55,PE,PN,Up,,Weather,,,,ft,
Shell,Olympus,MIS,28.16014187,-89.23915559,55,PE,PN,Up,,Miros,,,,ft,
Shell,Olympus,MIS,28.16014187,-89.23915559,55,PE,PN,Up,,North Airgap,10.604,184.833,219.4921,ft,
Shell,Olympus,MIS,28.16014187,-89.23915559,55,PE,PN,Up,,East Airgap,185.302,42.682,219.385,ft,
Shell,Olympus,MIS,28.16014187,-89.23915559,55,PE,PN,Up,,South Airgap,0.161,-213.167,219.1285,ft,
Shell,Olympus,MIS,28.16014187,-89.23915559,55,PE,PN,Up,,West Airgap,-197.104,-0.062,218.417,ft,
Shell,Olympus,MIS,28.16014187,-89.23915559,55,PE,PN,Up,,VADCP,,,64,ft,
Shell,Perdido,MIS,26.12923003,-94.89807079,29,PE,PN,Up,505?,6DoF,-39.669,-47.047,616.11,ft,
Shell,Perdido,MIS,26.12923003,-94.89807079,29,PE,PN,Up,,Heli 6DoF,8.44,-191,717,ft,
Shell,Perdido,MIS,26.12923003,-94.89807079,29,PE,PN,Up,,AWOS Wind,,,234,ft,
Shell,Perdido,MIS,26.12923003,-94.89807079,29,PE,PN,Up,,Lidar Wind,,,265,ft,
Shell,Perdido,MIS,26.12923003,-94.89807079,29,PE,PN,Up,,Fugro GPS,-35.76,-50.95,716.4 (from Origin),ft,
Shell,Perdido,MIS,26.12923003,-94.89807079,29,PE,PN,Up,,Orion GPS,-35.76,-50.95,716.4 (from Origin),ft,
Shell,Perdido,MIS,26.12923003,-94.89807079,29,PE,PN,Up,,Weather,,,,ft,
Shell,Perdido,MIS,26.12923003,-94.89807079,29,PE,PN,Up,,AWOS,,,,ft,
Shell,Perdido,MIS,26.12923003,-94.89807079,29,PE,PN,Up,,Miros,,,,ft,
Shell,Perdido,MIS,26.12923003,-94.89807079,29,PE,PN,Up,,VADCP,,,84.6,ft,
Shell,Perdido,MIS,26.12923003,-94.89807079,29,PE,PN,Up,,BCS Draft1,0,0,,ft,
Shell,Perdido,MIS,26.12923003,-94.89807079,29,PE,PN,Up,,BCS Draft2,-17.28,17.93,,ft,
Shell,Stones,IMMS,26.427674,-90.812631,0,PN,PW,Up,55.8? (17m),HELI 6DoF,-797,0,63.5,m,
Shell,Stones,IMMS,26.427674,-90.812631,0,PN,PW,Up,,Turret 6DoF,2.582,-5.334,100.4,m,
Shell,Stones,IMMS,26.427674,-90.812631,0,PN,PW,Up,,AWOS Wind,,,186.4,m,
Shell,Stones,IMMS,26.427674,-90.812631,0,PN,PW,Up,,PORT Wind,,,186.4,m,
Shell,Stones,IMMS,26.427674,-90.812631,0,PN,PW,Up,,Turret Wind,,,221.5,m,
Shell,Stones,IMMS,26.427674,-90.812631,0,PN,PW,Up,,GP150 (is also input for Turret GPS),-662,29,134.8,m,
Shell,Stones,IMMS,26.427674,-90.812631,0,PN,PW,Up,,Turret GPS (same as the Turret 6DoF location),8.47,-17.5,156.2,m,
Shell,Stones,IMMS,26.427674,-90.812631,0,PN,PW,Up,,Weather,,,,m,
Shell,Stones,IMMS,26.427674,-90.812631,0,PN,PW,Up,,AWOS,,,,m,
Shell,Stones,IMMS,26.427674,-90.812631,0,PN,PW,Up,,AFT Raw Airgap,-790.1,-9.2,24.4,m,
Shell,Ursa,MIS,28.15427875,-89.10360078,351,PN,PW,Up,98?,WXT Wind,,,191,ft,
Shell,Ursa,MIS,28.15427875,-89.10360078,351,PN,PW,Up,,Lidar Wind,,,305.229,ft,
Shell,Ursa,MIS,28.15427875,-89.10360078,351,PN,PW,Up,,GPS,-103.3,83.4,252 (from keel),ft,
Shell,Ursa,MIS,28.15427875,-89.10360078,351,PN,PW,Up,,Weather,,,,ft,
Shell,Ursa,MIS,28.15427875,-89.10360078,351,PN,PW,Up,,Miros,,,,ft,
Shell,Ursa,MIS,28.15427875,-89.10360078,351,PN,PW,Up,,North Airgap,177.5,49.083,194.177,ft,
Shell,Ursa,MIS,28.15427875,-89.10360078,351,PN,PW,Up,,East Airgap,50.417,-161.812,194.177,ft,
Shell,Ursa,MIS,28.15427875,-89.10360078,351,PN,PW,Up,,South Airgap,-185.333,-103.125,194.177,ft,
Shell,Ursa,MIS,28.15427875,-89.10360078,351,PN,PW,Up,,West Airgap,-40,175.125,194.177,ft,
Shell,Ursa,MIS,28.15427875,-89.10360078,351,PN,PW,Up,,HADCP,,,78.4,ft,
Shell,Ursa,MIS,28.15427875,-89.10360078,351,PN,PW,Up,,VADCP,,,75.5,ft,
W&T,Matterhorn,IMMS,28.742508,-88.825556,-45,PN,PW,Up,,3DoF,,,,ft,
W&T,Matterhorn,IMMS,28.742508,-88.825556,-45,PN,PW,Up,,Wind,,,150,ft,
W&T,Matterhorn,IMMS,28.742508,-88.825556,-45,PN,PW,Up,,GPS,-20.23,101.53,,ft,
W&T,Matterhorn,IMMS,28.742508,-88.825556,-45,PN,PW,Up,,North Airgap,,,174.62,ft,
W&T,Matterhorn,IMMS,28.742508,-88.825556,-45,PN,PW,Up,,South Airgap,,,174.62,ft,
W&T,Matterhorn,IMMS,28.742508,-88.825556,-45,PN,PW,Up,,VADCP,,,154.9,ft,
Woodside,Shenzi,IMMS,27.30089666,-90.13503534,105,PE,PN,Up,144,5DoF,,,,ft,
Woodside,Shenzi,IMMS,27.30089666,-90.13503534,105,PE,PN,Up,,FB Wind,,,282.9,ft,
Woodside,Shenzi,IMMS,27.30089666,-90.13503534,105,PE,PN,Up,,SC Wind,,,300,ft,
Woodside,Shenzi,IMMS,27.30089666,-90.13503534,105,PE,PN,Up,,GPS,27.15,-69.72,,ft,
Woodside,Shenzi,IMMS,27.30089666,-90.13503534,105,PE,PN,Up,,North Airgap,17.75,127.77,243.8,ft,
Woodside,Shenzi,IMMS,27.30089666,-90.13503534,105,PE,PN,Up,,South Airgap,27.15,-69.72,243.9,ft,
Woodside,Shenzi,IMMS,27.30089666,-90.13503534,105,PE,PN,Up,,NW_Draft,-63.71,12.09,,ft,
Woodside,Shenzi,IMMS,27.30089666,-90.13503534,105,PE,PN,Up,,NE_Draft,-2.83,61.09,,ft,
Woodside,Shenzi,IMMS,27.30089666,-90.13503534,105,PE,PN,Up,,SE_Draft,40.31,2.83,,ft,
Woodside,Shenzi,IMMS,27.30089666,-90.13503534,105,PE,PN,Up,,SW_Draft,0.71,-60.81,,ft,
Woodside,Shenzi,IMMS,27.30089666,-90.13503534,105,PE,PN,Up,,HADCP,,,103,ft,
Woodside,Scarborough,IMMS,-19.9260208,113.2416097,45,PE,PN,Up,,Heli 6DoF,,,,m,From Keel
Woodside,Scarborough,IMMS,-19.9260208,113.2416097,45,PE,PN,Up,,Temperature & Humidity,,,,m,From Keel
Woodside,Scarborough,IMMS,-19.9260208,113.2416097,45,PE,PN,Up,,Barometric Pressure,,,,m,From Keel
Woodside,Scarborough,IMMS,-19.9260208,113.2416097,45,PE,PN,Up,,SEC Wind,,,244.04,m,from MWL
Woodside,Scarborough,IMMS,-19.9260208,113.2416097,45,PE,PN,Up,,NWC Wind,,,244.04,m,from MWL
Woodside,Scarborough,IMMS,-19.9260208,113.2416097,45,PE,PN,Up,,LQ Wind,,,244.04,m,from MWL
Woodside,Scarborough,IMMS,-19.9260208,113.2416097,45,PE,PN,Up,,SEC GPS,-91.55,-44.55,243.23,m,From Keel
Woodside,Scarborough,IMMS,-19.9260208,113.2416097,45,PE,PN,Up,,NWC GPS,-91.55,-44.55,243.23,m,From Keel
Woodside,Scarborough,IMMS,-19.9260208,113.2416097,45,PE,PN,Up,,LQ GPS,-91.55,-44.55,243.23,m,From Keel
Woodside,Scarborough,IMMS,-19.9260208,113.2416097,45,PE,PN,Up,,N Airgap,10,40,61,m,From Keel
Woodside,Scarborough,IMMS,-19.9260208,113.2416097,45,PE,PN,Up,,E Airgap,44.8,5,61,m,From Keel
Woodside,Scarborough,IMMS,-19.9260208,113.2416097,45,PE,PN,Up,,S Airgap,5,-40,61,m,From Keel
Woodside,Scarborough,IMMS,-19.9260208,113.2416097,45,PE,PN,Up,,W Airgap,-44.8,-5,61,m,From Keel
Woodside,Scarborough,IMMS,-19.9260208,113.2416097,45,PE,PN,Up,,HADCP1,,,,m,From Keel
Woodside,Scarborough,IMMS,-19.9260208,113.2416097,45,PE,PN,Up,,HADCP2,,,,m,From Keel
Woodside,Scarborough,IMMS,-19.9260208,113.2416097,45,PE,PN,Up,,VADCP,,,,m,From Keel
ENI,Allegheny,MPMS,27.691855,-90.275425,-30,PN,PW,Up,91,GPS1WW,-34.54,-65.91,,ft,
ENI,Allegheny,MPMS,27.691855,-90.275425,-30,PN,PW,Up,,GPS2HE,-55.17,78,,ft,
ENI,Allegheny,MPMS,27.691855,-90.275425,-30,PN,PW,Up,,North Airgap,,,162.357,ft,
ENI,Allegheny,MPMS,27.691855,-90.275425,-30,PN,PW,Up,,South Airgap,,,162.274,ft,
ENI,Tango,FSU IMMS,-4.8927384,11.8816404,210,PN,PW,Up,,FSU 6DoF,-85.559,0.299,34.257,m,
ENI,Tango,FSU IMMS,-4.8927384,11.8816404,210,PN,PW,Up,,FSU Wind,,,37.819,m,
ENI,Tango,FSU IMMS,-4.8927384,11.8816404,210,PN,PW,Up,,FSU GPS,-87.885,15.273,43.365,m,
ENI,Tango,FSU IMMS,-4.8927384,11.8816404,210,PN,PW,Up,,FSU Weather,,,,m,
ENI,Tango,FSU IMMS,-4.8927384,11.8816404,210,PN,PW,Up,,TFLNG 6DoF,65.25,0.438,16.944,m,
ENI,Tango,FSU IMMS,-4.8927384,11.8816404,210,PN,PW,Up,,TFLNG Wind,,,34.404,m,
ENI,Tango,FSU IMMS,-4.8927384,11.8816404,210,PN,PW,Up,,TFLNG GPS,-63.53,15.178,35.365,m,
ENI,Tango,FSU IMMS,-4.8927384,11.8816404,210,PN,PW,Up,,TFLNG Weather,,,,m,
Enven,Neptune TLP,IMMS,27.3703522,-89.9240564,91.415,PE,PN,Up,,,,,,,
Enven,Neptune TLP,IMMS,27.3703522,-89.9240564,91.415,PE,PN,Up,,,,,,,
Enven,Neptune TLP,IMMS,27.3703522,-89.9240564,91.415,PE,PN,Up,,HADCP,,,91.5,ft,
Enven,Neptune TLP,IMMS,27.3703522,-89.9240564,91.415,PE,PN,Up,,VADCP,,,89.6,ft,
Genesis,GB72,IRMS,,,10,PN,PW,Up,,Wind,,,32.8,ft,
Genesis,GB72,IRMS,,,11,PN,PW,Up,,Airgap,-9.583,219.537,41.88,ft,
Genesis,GB72,IRMS,,,12,PN,PW,Up,,S-1,30,10,70,ft,
Genesis,GB72,IRMS,,,13,PN,PW,Up,,S-2,31,11,70,ft,
Genesis,GB72,RMMS,,,14,PN,PW,Up,,6DOF,34.96,-9.75,,ft,
Genesis,GB72,RMMS,,,15,PN,PW,Up,,Airgap,0,0,78.4166667,ft,
Talos,Thunder Hawk,EMS,,,62.5,PE,PN,Up,,,,,,ft,
,,,,,,,,,,,,,,ft,
,,,,,,,,,,,,,,ft,
